VehicleID,Capacity,Range
1,131.9211396722696,145.85207096486445
2,108.4356199315333,1304.605971281605
3,91.50425520531195,953.1726086101639
4,32.896064077536955,17.302304187458727
5,22.65262807032524,16.627680130757895
6,22.682911535937688,13.602810739289229
