{"D1|C88": 30.4247, "D1|C89": 26.641099999999998, "D1|C90": 14.866100000000001, "D2|C88": 10.2574, "D2|C89": 9.7294, "D2|C90": 19.747400000000003, "D3|C88": 35.4994, "D3|C89": 32.492, "D3|C90": 19.5353, "D4|C88": 24.8825, "D4|C89": 20.4378, "D4|C90": 8.7418, "D5|C88": 8.2931, "D5|C89": 13.9832, "D5|C90": 16.0368, "D6|C88": 14.5114, "D6|C89": 12.4688, "D6|C90": 10.8169, "D7|C88": 10.5438, "D7|C89": 7.5363999999999995, "D7|C90": 8.106, "D8|C88": 18.3462, "D8|C89": 15.995899999999999, "D8|C90": 9.7485, "D9|C88": 27.3831, "D9|C89": 23.5995, "D9|C90": 11.8246, "D10|C88": 6.4837, "D10|C89": 9.3905, "D10|C90": 17.313200000000002, "D11|C88": 17.671, "D11|C89": 15.6284, "D11|C90": 9.267100000000001, "D12|C88": 4.1254, "D12|C89": 10.1573, "D12|C90": 13.120700000000001, "C1|C88": 18.1881, "C1|C89": 16.1417, "C1|C90": 15.1676, "C2|C88": 29.3385, "C2|C89": 26.331, "C2|C90": 14.2723, "C3|C88": 8.401, "C3|C89": 13.8961, "C3|C90": 15.9497, "C4|C88": 25.914099999999998, "C4|C89": 22.9067, "C4|C90": 10.8479, "C5|C88": 35.6596, "C5|C89": 32.6522, "C5|C90": 19.6955, "C6|C88": 29.6858, "C6|C89": 26.6783, "C6|C90": 13.7217, "C7|C88": 25.2286, "C7|C89": 20.783900000000003, "C7|C90": 7.893, "C8|C88": 4.1501, "C8|C89": 17.2013, "C8|C90": 22.3549, "C9|C88": 25.767400000000002, "C9|C89": 21.9838, "C9|C90": 10.2089, "C10|C88": 16.701400000000003, "C10|C89": 13.694, "C10|C90": 0.21080000000000002, "C11|C88": 18.851599999999998, "C11|C89": 16.8052, "C11|C90": 14.5631, "C12|C88": 18.7603, "C12|C89": 12.476, "C12|C90": 3.1578000000000004, "C13|C88": 10.9399, "C13|C89": 16.1455, "C13|C90": 18.249200000000002, "C14|C88": 17.6094, "C14|C89": 11.6041, "C14|C90": 1.1833, "C15|C88": 11.125399999999999, "C15|C89": 7.2876, "C15|C90": 7.5161999999999995, "C16|C88": 8.229700000000001, "C16|C89": 14.1715, "C16|C90": 16.2251, "C17|C88": 11.2746, "C17|C89": 14.2101, "C17|C90": 16.2636, "C18|C88": 7.379899999999999, "C18|C89": 10.3919, "C18|C90": 15.5982, "C19|C88": 9.5763, "C19|C89": 17.8347, "C19|C90": 19.8882, "C20|C88": 20.3553, "C20|C89": 17.3478, "C20|C90": 5.2477, "C21|C88": 24.4913, "C21|C89": 20.7077, "C21|C90": 8.9327, "C22|C88": 3.9554, "C22|C89": 10.3044, "C22|C90": 13.2679, "C23|C88": 10.226600000000001, "C23|C89": 4.3984, "C23|C90": 9.924700000000001, "C24|C88": 13.2655, "C24|C89": 7.3564, "C24|C90": 4.9083000000000006, "C25|C88": 8.956, "C25|C89": 6.1205, "C25|C90": 17.7144, "C26|C88": 16.726, "C26|C89": 14.6796, "C26|C90": 13.9274, "C27|C88": 7.2847, "C27|C89": 5.953399999999999, "C27|C90": 13.876100000000001, "C28|C88": 11.6044, "C28|C89": 12.9367, "C28|C90": 14.990200000000002, "C29|C88": 24.5727, "C29|C89": 20.789099999999998, "C29|C90": 9.014100000000001, "C30|C88": 14.420200000000001, "C30|C89": 10.0063, "C30|C90": 10.322, "C31|C88": 34.3054, "C31|C89": 31.298, "C31|C90": 18.3413, "C32|C88": 18.2671, "C32|C89": 16.2207, "C32|C90": 13.758899999999999, "C33|C88": 10.9696, "C33|C89": 19.743599999999997, "C33|C90": 22.5735, "C34|C88": 9.338799999999999, "C34|C89": 5.052899999999999, "C34|C90": 8.571299999999999, "C35|C88": 14.675799999999999, "C35|C89": 8.897, "C35|C90": 4.8521, "C36|C88": 2.3938, "C36|C89": 13.633299999999998, "C36|C90": 19.7282, "C37|C88": 7.2109, "C37|C89": 7.5717, "C37|C90": 10.535200000000001, "C38|C88": 16.0147, "C38|C89": 13.972100000000001, "C38|C90": 10.9404, "C39|C88": 15.879700000000001, "C39|C89": 9.4949, "C39|C90": 6.4561, "C40|C88": 19.2731, "C40|C89": 15.936399999999999, "C40|C90": 4.1613999999999995, "C41|C88": 20.9507, "C41|C89": 14.546299999999999, "C41|C90": 3.8405, "C42|C88": 10.3949, "C42|C89": 19.1689, "C42|C90": 21.9987, "C43|C88": 14.121799999999999, "C43|C89": 11.1144, "C43|C90": 4.6481, "C44|C88": 18.952599999999997, "C44|C89": 17.022, "C44|C90": 10.3548, "C45|C88": 8.2999, "C45|C89": 10.106200000000001, "C45|C90": 14.461200000000002, "C46|C88": 5.6708, "C46|C89": 15.9901, "C46|C90": 21.270799999999998, "C47|C88": 27.255, "C47|C89": 24.2476, "C47|C90": 12.188799999999999, "C48|C88": 9.4562, "C48|C89": 13.3962, "C48|C90": 15.4497, "C49|C88": 28.5377, "C49|C89": 24.754099999999998, "C49|C90": 12.9792, "C50|C88": 14.6403, "C50|C89": 11.6329, "C50|C90": 4.3597, "C51|C88": 5.3615, "C51|C89": 12.9094, "C51|C90": 18.19, "C52|C88": 10.5357, "C52|C89": 5.3062, "C52|C90": 16.9001, "C53|C88": 8.757700000000002, "C53|C89": 5.0223, "C53|C90": 15.8339, "C54|C88": 7.2285, "C54|C89": 5.9477, "C54|C90": 13.8704, "C55|C88": 12.520700000000001, "C55|C89": 13.8031, "C55|C90": 14.7011, "C56|C88": 11.0131, "C56|C89": 8.213299999999998, "C56|C90": 10.4164, "C57|C88": 16.218899999999998, "C57|C89": 14.259799999999998, "C57|C90": 10.366299999999999, "C58|C88": 29.0787, "C58|C89": 24.6339, "C58|C90": 12.938, "C59|C88": 7.5161999999999995, "C59|C89": 6.6192, "C59|C90": 9.5827, "C60|C88": 5.0234, "C60|C89": 15.241, "C60|C90": 20.5216, "C61|C88": 29.7, "C61|C89": 25.916400000000003, "C61|C90": 14.141399999999999, "C62|C88": 19.9115, "C62|C89": 17.3125, "C62|C90": 11.654, "C63|C88": 23.176599999999997, "C63|C89": 20.1691, "C63|C90": 8.1104, "C64|C88": 10.812100000000001, "C64|C89": 18.4971, "C64|C90": 20.5506, "C65|C88": 8.765600000000001, "C65|C89": 17.5396, "C65|C90": 22.8202, "C66|C88": 27.8775, "C66|C89": 24.87, "C66|C90": 11.0255, "C67|C88": 22.9875, "C67|C89": 19.98, "C67|C90": 7.0234, "C68|C88": 3.992, "C68|C89": 9.322299999999998, "C68|C90": 14.5806, "C69|C88": 17.3837, "C69|C89": 14.3762, "C69|C90": 2.6801999999999997, "C70|C88": 4.201, "C70|C89": 9.9444, "C70|C90": 15.806299999999998, "C71|C88": 28.5944, "C71|C89": 24.8108, "C71|C90": 13.0358, "C72|C88": 19.183, "C72|C89": 12.898700000000002, "C72|C90": 3.5805, "C73|C88": 11.763200000000001, "C73|C89": 1.2388, "C73|C90": 10.821200000000001, "C74|C88": 24.396099999999997, "C74|C89": 19.9513, "C74|C90": 7.0158000000000005, "C75|C88": 20.629, "C75|C89": 18.5826, "C75|C90": 17.390700000000002, "C76|C88": 8.4036, "C76|C89": 17.1777, "C76|C90": 22.458299999999998, "C77|C88": 34.756800000000005, "C77|C89": 31.7494, "C77|C90": 18.7928, "C78|C88": 20.2345, "C78|C89": 17.896, "C78|C90": 6.3958, "C79|C88": 3.4621999999999997, "C79|C89": 9.273100000000001, "C79|C90": 13.621, "C80|C88": 8.690700000000001, "C80|C89": 3.3164000000000002, "C80|C90": 13.8943, "C81|C88": 23.008599999999998, "C81|C89": 14.9106, "C81|C90": 7.942399999999999, "C82|C88": 21.3582, "C82|C89": 18.3508, "C82|C90": 6.292, "C83|C88": 7.2368999999999994, "C83|C89": 4.8703, "C83|C90": 15.392299999999999, "C84|C88": 12.8391, "C84|C89": 6.022399999999999, "C84|C90": 6.900399999999999, "C85|C88": 13.3888, "C85|C89": 10.1987, "C85|C90": 10.3699, "C86|C88": 12.2247, "C86|C89": 8.3249, "C86|C90": 19.9187, "C87|C88": 15.110899999999999, "C87|C89": 16.9163, "C87|C90": 17.8143, "C88|C89": 12.8178, "C88|C90": 21.3153, "C89|C88": 13.0021, "C89|C90": 12.0601, "C90|C88": 16.8519, "C90|C89": 13.8445}