{"d1|d1": 0.0, "d1|c1": 23.341900000000003, "d1|c2": 8.9067, "d1|c3": 7.9714, "d1|c4": 22.8484, "d1|c5": 18.24, "d1|c6": 14.2188, "d1|c7": 15.9267, "d1|c8": 19.5857, "d1|c9": 23.4922, "d1|c10": 29.2671, "d1|c11": 26.685599999999997, "d1|c12": 2.8459, "d1|c13": 17.2275, "d1|c14": 11.6305, "d1|c15": 22.6964, "d1|c16": 29.578400000000002, "d1|c17": 22.156599999999997, "d1|c18": 15.7095, "d1|c19": 12.4389, "d1|c20": 5.8484, "d1|c21": 7.6648000000000005, "d1|c22": 20.3231, "d1|c23": 12.7272, "d1|c24": 26.425099999999997, "c1|d1": 22.719, "c1|c1": 0.0, "c1|c2": 14.2552, "c1|c3": 19.3992, "c1|c4": 1.1309, "c1|c5": 12.475100000000001, "c1|c6": 11.4167, "c1|c7": 16.8514, "c1|c8": 13.820799999999998, "c1|c9": 7.5098, "c1|c10": 7.110399999999999, "c1|c11": 10.8902, "c1|c12": 24.444, "c1|c13": 7.9738999999999995, "c1|c14": 20.141299999999998, "c1|c15": 1.2554, "c1|c16": 7.4218, "c1|c17": 4.283399999999999, "c1|c18": 9.819600000000001, "c1|c19": 15.2813, "c1|c20": 23.0453, "c1|c21": 21.1477, "c1|c22": 5.482, "c1|c23": 21.238, "c1|c24": 4.8809, "c2|d1": 10.1324, "c2|c1": 12.6722, "c2|c2": 0.0, "c2|c3": 6.812600000000001, "c2|c4": 12.178700000000001, "c2|c5": 14.735100000000001, "c2|c6": 8.2795, "c2|c7": 10.8173, "c2|c8": 16.0808, "c2|c9": 15.4107, "c2|c10": 19.179599999999997, "c2|c11": 18.7911, "c2|c12": 11.8574, "c2|c13": 6.4245, "c2|c14": 7.5546999999999995, "c2|c15": 13.1356, "c2|c16": 19.491, "c2|c17": 11.3536, "c2|c18": 9.492700000000001, "c2|c19": 8.3584, "c2|c20": 10.4588, "c2|c21": 14.9498, "c2|c22": 10.7622, "c2|c23": 8.6515, "c2|c24": 15.7544, "c3|d1": 11.321399999999999, "c3|c1": 15.9502, "c3|c2": 6.483, "c3|c3": 0.0, "c3|c4": 15.456700000000001, "c3|c5": 11.3896, "c3|c6": 7.368399999999999, "c3|c7": 13.5717, "c3|c8": 12.735299999999999, "c3|c9": 16.6418, "c3|c10": 22.4577, "c3|c11": 19.8353, "c3|c12": 8.6027, "c3|c13": 10.4181, "c3|c14": 2.9852, "c3|c15": 15.846, "c3|c16": 22.769, "c3|c17": 15.3472, "c3|c18": 8.8591, "c3|c19": 10.084, "c3|c20": 5.8892, "c3|c21": 16.6753, "c3|c22": 13.0685, "c3|c23": 4.0819, "c3|c24": 19.6157, "c4|d1": 21.709400000000002, "c4|c1": 1.045, "c4|c2": 13.2456, "c4|c3": 18.389599999999998, "c4|c4": 0.0, "c4|c5": 11.4656, "c4|c6": 10.407200000000001, "c4|c7": 15.8527, "c4|c8": 12.811200000000001, "c4|c9": 8.2188, "c4|c10": 8.1629, "c4|c11": 11.599200000000002, "c4|c12": 23.4344, "c4|c13": 6.964300000000001, "c4|c14": 19.1318, "c4|c15": 1.3725999999999998, "c4|c16": 8.474200000000002, "c4|c17": 4.1594, "c4|c18": 8.81, "c4|c19": 14.2826, "c4|c20": 22.0358, "c4|c21": 20.149, "c4|c22": 4.4833, "c4|c23": 20.2285, "c4|c24": 5.5898, "c5|d1": 18.7762, "c5|c1": 13.6872, "c5|c2": 16.5962, "c5|c3": 13.620899999999999, "c5|c4": 13.193700000000002, "c5|c5": 0.0, "c5|c6": 6.9524, "c5|c7": 23.217299999999998, "c5|c8": 1.6258, "c5|c9": 7.4952, "c5|c10": 20.1947, "c5|c11": 9.7173, "c5|c12": 18.615599999999997, "c5|c13": 13.34, "c5|c14": 15.888399999999999, "c5|c15": 13.404399999999999, "c5|c16": 17.1181, "c5|c17": 9.9703, "c5|c18": 6.6228, "c5|c19": 19.7295, "c5|c20": 18.7925, "c5|c21": 26.3208, "c5|c22": 13.2047, "c5|c23": 16.9852, "c5|c24": 13.606399999999999, "c6|d1": 14.7271, "c6|c1": 10.2826, "c6|c2": 9.9137, "c6|c3": 11.543, "c6|c4": 9.789100000000001, "c6|c5": 7.2886999999999995, "c6|c6": 0.0, "c6|c7": 16.440900000000003, "c6|c8": 8.6344, "c6|c9": 9.5436, "c6|c10": 16.79, "c6|c11": 15.376, "c6|c12": 16.452099999999998, "c6|c13": 6.9176, "c6|c14": 12.285200000000001, "c6|c15": 9.9997, "c6|c16": 17.1014, "c6|c17": 7.9386, "c6|c18": 2.3156999999999996, "c6|c19": 12.9532, "c6|c20": 15.189200000000001, "c6|c21": 19.5445, "c6|c22": 8.994299999999999, "c6|c23": 13.3819, "c6|c24": 12.3394, "c7|d1": 15.1226, "c7|c1": 17.0292, "c7|c2": 7.7061, "c7|c3": 11.6607, "c7|c4": 16.535700000000002, "c7|c5": 23.661099999999998, "c7|c6": 16.103, "c7|c7": 0.0, "c7|c8": 23.2621, "c7|c9": 23.323700000000002, "c7|c10": 23.5366, "c7|c11": 26.704099999999997, "c7|c12": 13.7796, "c7|c13": 13.7426, "c7|c14": 15.2034, "c7|c15": 16.746299999999998, "c7|c16": 23.848, "c7|c17": 19.002200000000002, "c7|c18": 17.316200000000002, "c7|c19": 4.2505, "c7|c20": 15.638200000000001, "c7|c21": 7.9761999999999995, "c7|c22": 14.1474, "c7|c23": 16.3001, "c7|c24": 20.6947, "c8|d1": 19.9776, "c8|c1": 13.9683, "c8|c2": 18.032799999999998, "c8|c3": 14.822299999999998, "c8|c4": 13.4748, "c8|c5": 1.5372999999999999, "c8|c6": 8.1538, "c8|c7": 24.418599999999998, "c8|c8": 0.0, "c8|c9": 7.868399999999999, "c8|c10": 20.4757, "c8|c11": 10.0905, "c8|c12": 19.817, "c8|c13": 14.5413, "c8|c14": 17.0898, "c8|c15": 13.6854, "c8|c16": 17.4913, "c8|c17": 11.1302, "c8|c18": 7.8241000000000005, "c8|c19": 20.9309, "c8|c20": 19.9938, "c8|c21": 27.5222, "c8|c22": 14.4061, "c8|c23": 18.1865, "c8|c24": 13.979700000000001, "c9|d1": 24.7602, "c9|c1": 8.8994, "c9|c2": 16.2964, "c9|c3": 21.4404, "c9|c4": 8.9786, "c9|c5": 6.8516, "c9|c6": 10.805, "c9|c7": 23.081599999999998, "c9|c8": 7.1672, "c9|c9": 0.0, "c9|c10": 12.772, "c9|c11": 5.9145, "c9|c12": 26.4852, "c9|c13": 12.527299999999999, "c9|c14": 22.1825, "c9|c15": 9.8491, "c9|c16": 12.389299999999999, "c9|c17": 7.405, "c9|c18": 9.9661, "c9|c19": 21.242099999999997, "c9|c20": 25.086599999999997, "c9|c21": 27.6497, "c9|c22": 12.392, "c9|c23": 23.2793, "c9|c24": 6.939100000000001, "c10|d1": 29.0078, "c10|c1": 8.5037, "c10|c2": 20.5441, "c10|c3": 25.688, "c10|c4": 8.0102, "c10|c5": 18.764, "c10|c6": 17.705599999999997, "c10|c7": 23.1511, "c10|c8": 20.109599999999997, "c10|c9": 11.690299999999999, "c10|c10": 0.0, "c10|c11": 12.5455, "c10|c12": 30.7328, "c10|c13": 13.1273, "c10|c14": 26.4302, "c10|c15": 7.2933, "c10|c16": 4.0684000000000005, "c10|c17": 8.951, "c10|c18": 16.1085, "c10|c19": 21.581, "c10|c20": 29.3342, "c10|c21": 27.447400000000002, "c10|c22": 10.3785, "c10|c23": 27.5269, "c10|c24": 6.3138000000000005, "c11|d1": 27.2987, "c11|c1": 10.310799999999999, "c11|c2": 18.8349, "c11|c3": 23.978900000000003, "c11|c4": 10.39, "c11|c5": 9.233799999999999, "c11|c6": 16.028100000000002, "c11|c7": 25.620099999999997, "c11|c8": 9.5494, "c11|c9": 4.8313999999999995, "c11|c10": 14.183399999999999, "c11|c11": 0.0, "c11|c12": 29.0237, "c11|c13": 15.838799999999999, "c11|c14": 24.7211, "c11|c15": 11.2605, "c11|c16": 11.8883, "c11|c17": 8.8164, "c11|c18": 13.543, "c11|c19": 23.7806, "c11|c20": 27.6251, "c11|c21": 30.188299999999998, "c11|c22": 14.3604, "c11|c23": 25.8178, "c11|c24": 8.3505, "c12|d1": 2.7593, "c12|c1": 22.6546, "c12|c2": 10.2028, "c12|c3": 7.2841000000000005, "c12|c4": 22.1612, "c12|c5": 17.552799999999998, "c12|c6": 13.531600000000001, "c12|c7": 15.2394, "c12|c8": 18.898400000000002, "c12|c9": 22.8049, "c12|c10": 28.5798, "c12|c11": 25.9984, "c12|c12": 0.0, "c12|c13": 16.5403, "c12|c14": 7.4541, "c12|c15": 22.0092, "c12|c16": 28.8912, "c12|c17": 21.4694, "c12|c18": 15.0223, "c12|c19": 11.751700000000001, "c12|c20": 3.1578000000000004, "c12|c21": 10.25, "c12|c22": 19.6358, "c12|c23": 8.4315, "c12|c24": 25.7379, "c13|d1": 15.9421, "c13|c1": 8.385299999999999, "c13|c2": 7.4783, "c13|c3": 12.6223, "c13|c4": 7.8918, "c13|c5": 11.634, "c13|c6": 6.4695, "c13|c7": 13.406, "c13|c8": 12.979700000000001, "c13|c9": 13.027700000000001, "c13|c10": 15.1084, "c13|c11": 17.255, "c13|c12": 17.667099999999998, "c13|c13": 0.0, "c13|c14": 13.3645, "c13|c15": 7.7398, "c13|c16": 15.419799999999999, "c13|c17": 9.8175, "c13|c18": 8.9785, "c13|c19": 11.835899999999999, "c13|c20": 16.2685, "c13|c21": 17.7023, "c13|c22": 5.558, "c13|c23": 14.461200000000002, "c13|c24": 12.271799999999999, "c14|d1": 8.7702, "c14|c1": 18.617900000000002, "c14|c2": 9.1507, "c14|c3": 3.6386, "c14|c4": 18.1244, "c14|c5": 14.0573, "c14|c6": 10.036100000000001, "c14|c7": 16.2394, "c14|c8": 15.403, "c14|c9": 19.3095, "c14|c10": 25.125400000000003, "c14|c11": 22.503, "c14|c12": 6.0515, "c14|c13": 13.085799999999999, "c14|c14": 0.0, "c14|c15": 18.5137, "c14|c16": 25.436700000000002, "c14|c17": 18.0149, "c14|c18": 11.5268, "c14|c19": 12.751700000000001, "c14|c20": 3.338, "c14|c21": 19.343,