{
  "D1|C1": 23.341900000000003,
  "D1|C2": 8.9067,
  "D1|C3": 7.9714,
  "D1|C4": 22.8484,
  "D1|C5": 18.24,
  "D1|C6": 14.2188,
  "D1|C7": 15.9263,
  "D1|C8": 19.5857,
  "D1|C9": 23.4922,
  "D1|C10": 29.2671,
  "D1|C11": 26.685599999999997,
  "D1|C12": 2.8459,
  "D1|C13": 17.2275,
  "D1|C14": 11.6305,
  "C1|D1": 22.7201,
  "C1|C2": 14.2563,
  "C1|C3": 19.400299999999998,
  "C1|C4": 1.1309,
  "C1|C5": 12.475100000000001,
  "C1|C6": 11.4167,
  "C1|C7": 16.8514,
  "C1|C8": 13.820799999999998,
  "C1|C9": 7.5098,
  "C1|C10": 7.110399999999999,
  "C1|C11": 10.8902,
  "C1|C12": 24.4451,
  "C1|C13": 7.9738999999999995,
  "C1|C14": 20.1425,
  "C2|D1": 10.1324,
  "C2|C1": 12.6722,
  "C2|C3": 6.812600000000001,
  "C2|C4": 12.178700000000001,
  "C2|C5": 14.735100000000001,
  "C2|C6": 8.2795,
  "C2|C7": 8.2865,
  "C2|C8": 16.0808,
  "C2|C9": 15.4107,
  "C2|C10": 19.179599999999997,
  "C2|C11": 18.7911,
  "C2|C12": 11.8574,
  "C2|C13": 6.4245,
  "C2|C14": 7.5546999999999995,
  "C3|D1": 11.321399999999999,
  "C3|C1": 15.9502,
  "C3|C2": 6.483,
  "C3|C4": 15.456700000000001,
  "C3|C5": 11.3896,
  "C3|C6": 7.368399999999999,
  "C3|C7": 13.5718,
  "C3|C8": 12.735299999999999,
  "C3|C9": 16.6418,
  "C3|C10": 22.4577,
  "C3|C11": 19.8353,
  "C3|C12": 8.6027,
  "C3|C13": 10.4181,
  "C3|C14": 2.9852,
  "C4|D1": 21.7106,
  "C4|C1": 1.045,
  "C4|C2": 13.246799999999999,
  "C4|C3": 18.3908,
  "C4|C5": 11.4656,
  "C4|C6": 10.407200000000001,
  "C4|C7": 15.8527,
  "C4|C8": 12.811200000000001,
  "C4|C9": 8.2188,
  "C4|C10": 8.1629,
  "C4|C11": 11.599200000000002,
  "C4|C12": 23.435599999999997,
  "C4|C13": 6.964300000000001,
  "C4|C14": 19.132900000000003,
  "C5|D1": 19.641299999999998,
  "C5|C1": 13.5449,
  "C5|C2": 17.6094,
  "C5|C3": 14.486,
  "C5|C4": 13.0514,
  "C5|C6": 7.8175,
  "C5|C7": 24.394599999999997,
  "C5|C8": 1.6258,
  "C5|C9": 7.347300000000001,
  "C5|C10": 20.052400000000002,
  "C5|C11": 9.6671,
  "C5|C12": 19.480700000000002,
  "C5|C13": 14.205,
  "C5|C14": 15.4185,
  "C6|D1": 14.7271,
  "C6|C1": 10.2826,
  "C6|C2": 9.9137,
  "C6|C3": 11.543,
  "C6|C4": 9.789100000000001,
  "C6|C5": 7.2886999999999995,
  "C6|C7": 16.441,
  "C6|C8": 8.6344,
  "C6|C9": 9.5436,
  "C6|C10": 16.79,
  "C6|C11": 15.3799,
  "C6|C12": 16.452099999999998,
  "C6|C13": 6.9176,
  "C6|C14": 12.285200000000001,
  "C7|D1": 15.1226,
  "C7|C1": 17.0292,
  "C7|C2": 7.7061,
  "C7|C3": 11.6607,
  "C7|C4": 16.535700000000002,
  "C7|C5": 23.661099999999998,
  "C7|C6": 16.1033,
  "C7|C8": 23.2621,
  "C7|C9": 23.323700000000002,
  "C7|C10": 23.5366,
  "C7|C11": 26.704099999999997,
  "C7|C12": 13.7796,
  "C7|C13": 13.7426,
  "C7|C14": 15.2034,
  "C8|D1": 20.0287,
  "C8|C1": 13.9683,
  "C8|C2": 18.032799999999998,
  "C8|C3": 14.8734,
  "C8|C4": 13.4748,
  "C8|C5": 1.5372999999999999,
  "C8|C6": 8.2049,
  "C8|C7": 24.818,
  "C8|C9": 7.7707,
  "C8|C10": 20.4757,
  "C8|C11": 10.0905,
  "C8|C12": 19.8681,
  "C8|C13": 14.5925,
  "C8|C14": 15.8059,
  "C9|D1": 24.7602,
  "C9|C1": 8.8994,
  "C9|C2": 16.2964,
  "C9|C3": 21.4404,
  "C9|C4": 8.9786,
  "C9|C5": 6.8516,
  "C9|C6": 10.805,
  "C9|C7": 23.081599999999998,
  "C9|C8": 7.1672,
  "C9|C10": 12.772,
  "C9|C11": 5.9145,
  "C9|C12": 26.4852,
  "C9|C13": 12.527299999999999,
  "C9|C14": 22.1825,
  "C10|D1": 29.009,
  "C10|C1": 8.5037,
  "C10|C2": 20.5452,
  "C10|C3": 25.6892,
  "C10|C4": 8.0102,
  "C10|C5": 18.764,
  "C10|C6": 17.705599999999997,
  "C10|C7": 23.1511,
  "C10|C8": 20.109599999999997,
  "C10|C9": 11.690299999999999,
  "C10|C11": 12.5455,
  "C10|C12": 30.734,
  "C10|C13": 13.1273,
  "C10|C14": 26.4313,
  "C11|D1": 27.2987,
  "C11|C1": 10.310799999999999,
  "C11|C2": 18.8349,
  "C11|C3": 23.978900000000003,
  "C11|C4": 10.39,
  "C11|C5": 9.233799999999999,
  "C11|C6": 16.028100000000002,
  "C11|C7": 25.6202,
  "C11|C8": 9.5494,
  "C11|C9": 4.8313999999999995,
  "C11|C10": 14.183399999999999,
  "C11|C12": 29.0237,
  "C11|C13": 15.838799999999999,
  "C11|C14": 24.7211,
  "C12|D1": 2.7593,
  "C12|C1": 22.654700000000002,
  "C12|C2": 10.2028,
  "C12|C3": 7.2841000000000005,
  "C12|C4": 22.1612,
  "C12|C5": 17.552799999999998,
  "C12|C6": 13.531600000000001,
  "C12|C7": 15.2391,
  "C12|C8": 18.898400000000002,
  "C12|C9": 22.8049,
  "C12|C10": 28.5798,
  "C12|C11": 25.9984,
  "C12|C13": 16.5403,
  "C12|C14": 7.4541,
  "C13|D1": 15.9421,
  "C13|C1": 8.385299999999999,
  "C13|C2": 7.4783,
  "C13|C3": 12.6223,
  "C13|C4": 7.8918,
  "C13|C5": 11.634,
  "C13|C6": 6.4695,
  "C13|C7": 13.406,
  "C13|C8": 12.979700000000001,
  "C13|C9": 13.027700000000001,
  "C13|C10": 15.1084,
  "C13|C11": 17.255,
  "C13|C12": 17.667099999999998,
  "C13|C14": 13.3645,
  "C14|D1": 8.7702,
  "C14|C1": 18.617900000000002,
  "C14|C2": 9.1507,
  "C14|C3": 3.6386,
  "C14|C4": 18.1244,
  "C14|C5": 14.0573,
  "C14|C6": 10.036100000000001,
  "C14|C7": 16.2395,
  "C14|C8": 15.403,
  "C14|C9": 19.3095,
  "C14|C10": 25.125400000000003,
  "C14|C11": 22.503,
  "C14|C12": 6.0515,
  "C14|C13": 13.085799999999999,
  "D1|C15": 22.6964,
  "D1|C16": 29.578400000000002,
  "D1|C17": 22.156599999999997,
  "D1|C18": 15.7095,
  "D1|C19": 12.438600000000001,
  "D1|C20": 5.8484,
  "D1|C21": 7.6648000000000005,
  "D1|C22": 20.3231,
  "D1|C23": 12.7272,
  "D1|C24": 26.425099999999997,
  "C1|C15": 1.2554,
  "C1|C16": 7.4218,
  "C1|C17": 4.283399999999999,
  "C1|C18": 9.819600000000001,
  "C1|C19": 15.2813,
  "C1|C20": 23.0465,
  "C1|C21": 21.1477,
  "C1|C22": 5.482,
  "C1|C23": 21.2392,
  "C1|C24": 4.8809,
  "C2|C15": 13.1356,
  "C2|C16": 19.491,
  "C2|C17": 11.3536,
  "C2|C18": 9.492700000000001,
  "C2|C19": 5.967,
  "C2|C20": 10.4588,
  "C2|C21": 12.8546,
  "C2|C22": 10.7622,
  "C2|C23": 8.6515,
  "C2|C24": 15.7544,
  "C3|C15": 15.846,
  "C3|C16": 22.769,
  "C3|C17": 15.3472,
  "C3|C18": 8.8591,
  "C3|C19": 10.084100000000001,
  "C3|C20": 5.8892,
  "C3|C21": 16.6754,
  "C3|C22": 13.0685,
  "C3|C23": 4.0819,
  "C3|C24": 19.6157,
  "C4|C15": 1.3725999999999998,
  "C4|C16": 8.474200000000002,
  "C4|C17": 4.1594,
  "C4|C18": 8.81,
  "C4|C19": 14.2826,
  "C4|C20": 22.036900000000003,
  "C4|C21": 20.149,
  "C4|C22": 4.4833,
  "C4|C23": 20.229599999999998,
  "C4|C24": 5.5898,
  "C5|C15": 13.2621,
  "C5|C16": 16.970200000000002,
  "C5|C17": 10.7068,
  "C5|C18": 7.4878,
  "C5|C19": 20.5947,
  "C5|C20": 18.3225,
  "C5|C21": 27.186,
  "C5|C22": 14.069799999999999,
  "C5|C23": 16.5152,
  "C5|C24": 13.4586,
  "C6|C15": 9.9997,
  "C6|C16": 17.1014,
  "C6|C17": 7.942399999999999,
  "C6|C18": 2.3156999999999996,
  "C6|C19": 12.9532,
  "C6|C20": 15.189200000000001,
  "C6|C21": 19.5446,
  "C6|C22": 8.994299999999999,
  "C6|C23": 13.3819,
  "C6|C24": 12.343200000000001,
  "C7|C15": 16.746299999999998,
  "C7|C16": 23.848,
  "C7|C17": 19.002200000000002,
  "C7|C18": 17.3164,
  "C7|C19": 4.2505,
  "C7|C20": 15.638200000000001,
  "C7|C21": 7.9761999999999995,
  "C7|C22": 14.1474,
  "C7|C23": 16.3001,
  "C7|C24": 20.6947,
  "C8|C15": 13.6854,
  "C8|C16": 17.3936,
  "C8|C17": 11.1302,
  "C8|C18": 7.8753,
  "C8|C19": 20.9821,
  "C8|C20": 18.7099,
  "C8|C21": 27.573400000000003,
  "C8|C22": 14.4572,
  "C8|C23": 16.9026,
  "C8|C24": 13.8819,
  "C9|C15": 9.8491,
  "C9|C16": 12.389299999999999,
  "C9|C17": 7.405,
  "C9|C18": 9.9661,
  "C9|C19": 21.242099999999997,
  "C9|C20": 25.086599999999997,
  "C9|C21": 27.6497,
  "C9|C22": 12.392,
  "C9|C23": 23.2793,
  "C9|C24": 6.939100000000001,
  "C10|C15": 7.2933,
  "C10|C16": 4.0684000000000005,
  "C10|C17": 8.951,
  "C10|C18": 16.1085,
  "C10|C19": 21.581,
  "C10|C20": 29.3354,
  "C10|C21": 27.447400000000002,
  "C10|C22": 10.3785,
  "C10|C23": 27.5281,
  "C10|C24": 6.3138000000000005,
  "C11|C15": 11.2605,
  "C11|C16": 11.8883,
  "C11|C17": 8.8164,
  "C11|C18": 13.543,
  "C11|C19": 23.7806,
  "C11|C20": 27.6251,
  "C11|C21": 30.188299999999998,
  "C11|C22": 14.3604,
  "C11|C23": 25.8178,
  "C11|C24": 8.3505,
  "C12|C15": 22.0092,
  "C12|C16": 28.8912,
  "C12|C17": 21.4694,
  "C12|C18": 15.0223,
  "C12|C19": 11.751299999999999,
  "C12|C20": 3.1578000000000004,
  "C12|C21": 10.25,