{"D1|D1": 0.0, "D1|C1": 26.758599999999998, "D1|C2": 30.2817, "D1|C3": 16.633, "D1|C4": 26.6825, "D1|C5": 11.1435, "D1|C6": 22.3032, "D1|C7": 23.9544, "D1|C8": 19.3248, "D1|C9": 23.5192, "C1|D1": 36.838699999999996, "C1|C1": 0.0, "C1|C2": 8.088899999999999, "C1|C3": 20.656200000000002, "C1|C4": 3.0405, "C1|C5": 26.6056, "C1|C6": 13.207799999999999, "C1|C7": 26.8592, "C1|C8": 25.0216, "C1|C9": 14.7694, "C2|D1": 32.6419, "C2|C1": 7.9542, "C2|C2": 0.0, "C2|C3": 24.1375, "C2|C4": 9.617299999999998, "C2|C5": 22.4087, "C2|C6": 13.5547, "C2|C7": 22.6624, "C2|C8": 20.8248, "C2|C9": 11.6882, "C3|D1": 18.3749, "C3|C1": 18.491799999999998, "C3|C2": 21.9739, "C3|C3": 0.0, "C3|C4": 18.4157, "C3|C5": 8.1417, "C3|C6": 14.0364, "C3|C7": 15.646600000000001, "C3|C8": 6.450699999999999, "C3|C9": 14.6301, "C4|D1": 29.3339, "C4|C1": 2.4671, "C4|C2": 9.430299999999999, "C4|C3": 20.566599999999998, "C4|C4": 0.0, "C4|C5": 19.1007, "C4|C6": 13.1183, "C4|C7": 26.3353, "C4|C8": 24.497700000000002, "C4|C9": 14.2454, "C5|D1": 12.8909, "C5|C1": 19.093, "C5|C2": 22.6162, "C5|C3": 8.349200000000002, "C5|C4": 19.017, "C5|C5": 0.0, "C5|C6": 14.6377, "C5|C7": 16.288899999999998, "C5|C8": 11.6592, "C5|C9": 15.8537, "C6|D1": 15.9668, "C6|C1": 11.021600000000001, "C6|C2": 12.047600000000001, "C6|C3": 15.6854, "C6|C4": 10.9456, "C6|C5": 14.2195, "C6|C6": 0.0, "C6|C7": 21.7847, "C6|C8": 17.008, "C6|C9": 10.207799999999999, "C7|D1": 26.9745, "C7|C1": 24.8723, "C7|C2": 20.0433, "C7|C3": 17.0413, "C7|C4": 24.796200000000002, "C7|C5": 16.741400000000002, "C7|C6": 22.3212, "C7|C7": 0.0, "C7|C8": 10.5121, "C7|C9": 12.9024, "C8|D1": 21.278, "C8|C1": 23.486900000000002, "C8|C2": 19.670900000000003, "C8|C3": 9.9995, "C8|C4": 23.4108, "C8|C5": 11.044799999999999, "C8|C6": 18.731099999999998, "C8|C7": 10.101600000000001, "C8|C8": 0.0, "C8|C9": 12.9084, "C9|D1": 25.434900000000003, "C9|C1": 13.665899999999999, "C9|C2": 11.4149, "C9|C3": 16.9305, "C9|C4": 13.589799999999999, "C9|C5": 15.2017, "C9|C6": 10.3887, "C9|C7": 12.0546, "C9|C8": 13.617799999999999, "C9|C9": 0.0}