case,time_seconds,peak_memory_mb,total_memory_mb
case1,910.7030624999998,6.12109375,104441.57968750001
case2,29.455502900000283,0.2265625,673.24296875
case3,,,
