{"D1|D1": 0.0, "D1|D2": 33.0612, "D1|D3": 10.1607, "D1|D4": 6.4529, "D1|D5": 21.415599999999998, "D1|D6": 16.9241, "D1|D7": 20.126900000000003, "D1|D8": 11.3612, "D1|D9": 4.329899999999999, "D1|D10": 31.2895, "D1|D11": 13.659, "D1|D12": 26.223200000000002, "D1|C1": 22.414900000000003, "D1|C2": 25.897, "D1|C3": 4.2255, "D1|C4": 22.3388, "D1|C5": 12.0648, "D1|C6": 18.0886, "D1|C7": 19.57, "D1|C8": 10.4852, "D1|C9": 18.5532, "D2|D1": 32.9467, "D2|D2": 0.0, "D2|D3": 34.1802, "D2|D4": 29.493599999999997, "D2|D5": 13.9169, "D2|D6": 18.5269, "D2|D7": 14.5751, "D2|D8": 23.069599999999998, "D2|D9": 31.601599999999998, "D2|D10": 2.5714, "D2|D11": 19.2344, "D2|D12": 7.3784, "D2|C1": 20.1792, "D2|C2": 15.0952, "D2|C3": 32.5322, "D2|C4": 21.842299999999998, "D2|C5": 30.8034, "D2|C6": 23.599400000000003, "D2|C7": 25.0958, "D2|C8": 29.2194, "D2|C9": 16.821900000000003, "D3|D1": 14.3303, "D3|D2": 38.912099999999995, "D3|D3": 0.0, "D3|D4": 15.3468, "D3|D5": 32.5696, "D3|D6": 28.9269, "D3|D7": 26.6639, "D3|D8": 23.5325, "D3|D9": 18.517, "D3|D10": 37.1404, "D3|D11": 24.9433, "D3|D12": 32.0741, "D3|C1": 35.8032, "D3|C2": 34.588300000000004, "D3|C3": 18.412599999999998, "D3|C4": 35.7271, "D3|C5": 25.6175, "D3|C6": 31.4769, "D3|C7": 23.4015, "D3|C8": 16.1367, "D3|C9": 28.955, "D4|D1": 5.1556999999999995, "D4|D2": 26.8579, "D4|D3": 10.5691, "D4|D4": 0.0, "D4|D5": 17.207, "D4|D6": 13.5643, "D4|D7": 14.6097, "D4|D8": 8.9195, "D4|D9": 5.3775, "D4|D10": 25.0862, "D4|D11": 10.3303, "D4|D12": 20.0199, "D4|C1": 21.4009, "D4|C2": 20.3548, "D4|C3": 6.308, "D4|C4": 21.3248, "D4|C5": 11.0046, "D4|C6": 17.0746, "D4|C7": 13.4457, "D4|C8": 3.0871999999999997, "D4|C9": 13.5923, "D5|D1": 22.63, "D5|D2": 11.8243, "D5|D3": 27.773400000000002, "D5|D4": 19.1769, "D5|D5": 0.0, "D5|D6": 5.9997, "D5|D7": 7.6911000000000005, "D5|D8": 12.753, "D5|D9": 21.285, "D5|D10": 10.3749, "D5|D11": 10.4786, "D5|D12": 5.404100000000001, "D5|C1": 10.3587, "D5|C2": 2.7176, "D5|C3": 22.2155, "D5|C4": 11.3604, "D5|C5": 20.4867, "D5|C6": 11.3892, "D5|C7": 20.7407, "D5|C8": 18.9028, "D5|C9": 8.6505, "D6|D1": 14.5736, "D6|D2": 18.889, "D6|D3": 21.6448, "D6|D4": 11.1205, "D6|D5": 6.769100000000001, "D6|D6": 0.0, "D6|D7": 5.5341000000000005, "D6|D8": 5.7761000000000005, "D6|D9": 13.2286, "D6|D10": 17.1173, "D6|D11": 4.48, "D6|D12": 12.0588, "D6|C1": 10.765600000000001, "D6|C2": 9.983799999999999, "D6|C3": 14.1591, "D6|C4": 10.6896, "D6|C5": 12.566, "D6|C6": 6.4637, "D6|C7": 15.5208, "D6|C8": 10.8464, "D6|C9": 4.7743, "D7|D1": 20.2888, "D7|D2": 13.9566, "D7|D3": 22.5388, "D7|D4": 16.8357, "D7|D5": 9.361, "D7|D6": 5.869, "D7|D7": 0.0, "D7|D8": 10.411700000000002, "D7|D9": 18.9437, "D7|D10": 12.184899999999999, "D7|D11": 8.526200000000001, "D7|D12": 7.118600000000001, "D7|C1": 14.2187, "D7|C2": 9.6328, "D7|C3": 19.874299999999998, "D7|C4": 14.1426, "D7|C5": 18.1455, "D7|C6": 10.9415, "D7|C7": 13.4544, "D7|C8": 16.5615, "D7|C9": 4.164, "D8|D1": 12.9238, "D8|D2": 22.4161, "D8|D3": 19.995, "D8|D4": 9.4707, "D8|D5": 12.829799999999999, "D8|D6": 5.8106, "D8|D7": 8.8995, "D8|D8": 0.0, "D8|D9": 11.578700000000001, "D8|D10": 20.6444, "D8|D11": 2.4545, "D8|D12": 15.6075, "D8|C1": 13.0405, "D8|C2": 13.8185, "D8|C3": 12.5093, "D8|C4": 12.9644, "D8|C5": 10.9162, "D8|C6": 8.7142, "D8|C7": 14.452399999999999, "D8|C8": 9.1965, "D8|C9": 6.3978, "D9|D1": 3.9724, "D9|D2": 30.0197, "D9|D3": 17.694200000000002, "D9|D4": 7.344600000000001, "D9|D5": 18.3741, "D9|D6": 13.8825, "D9|D7": 17.0853, "D9|D8": 8.319600000000001, "D9|D9": 0.0, "D9|D10": 28.248, "D9|D11": 10.6175, "D9|D12": 23.1817, "D9|C1": 19.3733, "D9|C2": 22.8555, "D9|C3": 1.184, "D9|C4": 19.2972, "D9|C5": 9.023299999999999, "D9|C6": 15.0471, "D9|C7": 16.5285, "D9|C8": 6.8957, "D9|C9": 15.511700000000001, "D10|D1": 30.5126, "D10|D2": 2.4778000000000002, "D10|D3": 31.7461, "D10|D4": 27.0595, "D10|D5": 11.2326, "D10|D6": 16.0928, "D10|D7": 12.141, "D10|D8": 20.6355, "D10|D9": 29.1675, "D10|D10": 0.0, "D10|D11": 16.8003, "D10|D12": 5.0862, "D10|C1": 16.4054, "D10|C2": 11.321399999999999, "D10|C3": 30.098, "D10|C4": 18.0686, "D10|C5": 28.3693, "D10|C6": 21.1653, "D10|C7": 22.6617, "D10|C8": 26.7853, "D10|C9": 14.387799999999999, "D11|D1": 12.4424, "D11|D2": 22.0485, "D11|D3": 19.5136, "D11|D4": 8.9893, "D11|D5": 12.1545, "D11|D6": 5.1354, "D11|D7": 8.7127, "D11|D8": 2.4698, "D11|D9": 11.0974, "D11|D10": 20.276799999999998, "D11|D11": 0.0, "D11|D12": 15.4208, "D11|C1": 15.742, "D11|C2": 13.1433, "D11|C3": 12.027899999999999, "D11|C4": 15.665899999999999, "D11|C5": 10.4348, "D11|C6": 10.870299999999999, "D11|C7": 13.971, "D11|C8": 8.715200000000001, "D11|C9": 5.722600000000001, "D12|D1": 25.165200000000002, "D12|D2": 7.1629, "D12|D3": 27.5536, "D12|D4": 21.712, "D12|D5": 5.6916, "D12|D6": 10.886700000000001, "D12|D7": 7.9593, "D12|D8": 15.2881, "D12|D9": 23.8201, "D12|D10": 5.7134, "D12|D11": 13.0137, "D12|D12": 0.0, "D12|C1": 12.4192, "D12|C2": 5.826, "D12|C3": 24.7506, "D12|C4": 14.0823, "D12|C5": 23.021900000000002, "D12|C6": 16.2762, "D12|C7": 18.4692, "D12|C8": 21.437900000000003, "D12|C9": 12.3013, "C1|D1": 28.748900000000003, "C1|D2": 20.1315, "C1|D3": 33.892199999999995, "C1|D4": 25.2958, "C1|D5": 8.477, "C1|D6": 10.6565, "C1|D7": 13.81, "C1|D8": 13.271600000000001, "C1|D9": 19.7257, "C1|D10": 16.5263, "C1|D11": 16.5974, "C1|D12": 12.235700000000001, "C1|C1": 0.0, "C1|C2": 8.088899999999999, "C1|C3": 20.656200000000002, "C1|C4": 3.0405, "C1|C5": 26.6056, "C1|C6": 13.207799999999999, "C1|C7": 26.8595, "C1|C8": 25.0216, "C1|C9": 14.7694, "C2|D1": 24.552, "C2|D2": 15.1782, "C2|D3": 29.695400000000003, "C2|D4": 21.0989, "C2|D5": 2.9701, "C2|D6": 8.1652, "C2|D7": 9.8566, "C2|D8": 14.675, "C2|D9": 23.207, "C2|D10": 11.573, "C2|D11": 12.4006, "C2|D12": 5.588100000000001, "C2|C1": 7.9542, "C2|C2": 0.0, "C2|C3": 24.1375, "C2|C4": 9.617299999999998, "C2|C5": 22.4087, "C2|C6": 13.5547, "C2|C7": 22.6627, "C2|C8": 20.8248, "C2|C9": 11.6882, "C3|D1": 4.2296000000000005, "C3|D2": 29.1382, "C3|D3": 17.249200000000002, "C3|D4": 6.8996, "C3|D5": 17.4926, "C3|D6": 13.001, "C3|D7": 16.203799999999998, "C3|D8": 7.4381, "C3|D9": 1.2319, "C3|D10": 27.366400000000002, "C3|D11": 9.735899999999999, "C3|D12": 22.300099999999997, "C3|C1": 18.491799999999998, "C3|C2": 21.9739, "C3|C3": 0.0, "C3|C4": 18.4157, "C3|C5": 8.1417, "C3|C6": 14.1655, "C3|C7": 15.6469, "C3|C8": 6.450699999999999, "C3|C9": 14.6301, "C4|D1": 22.889200000000002, "C4|D2": 21.472900000000003, "C4|D3": 33.368300000000005, "C4|D4": 24.7718, "C4|D5": 9.184899999999999, "C4|D6": 10.5669, "C4|D7": 13.286, "C4|D8": 13.1821, "C4|D9": 19.6361, "C4|D10": 17.8677, "C4|D11": 16.0734, "C4|D12": 13.5771, "C4|C1": 2.4671, "C4|C2": 8.4084, "C4|C3": 20.566599999999998, "C4|C4": 0.0, "C4|C5": 19.1007, "C4|C6": 13.1182, "C4|C7": 26.3356, "C4|C8": 24.497700000000002, "C4|C9": 14.2454, "C5|D1": 10.5596, "C5|D2": 29.7804, "C5|D3": 22.4577, "C5|D4": 11.933399999999999, "C5|D5": 18.093799999999998, "C5|D6": 13.6023, "C5|D7": 16.8051, "C5|D8": 8.1285, "C5|D9": 8.6099, "C5|D10": 28.0087, "C5|D11": 10.4259, "C5|D12": 22.942400000000003, "C5|C1": 19.093, "C5|C2": 22.6162, "C5|C3": 8.349200000000002, "C5|C4": 19.017, "C5|C5": 0.0, "C5|C6": 14.7668, "C5|C7": 16.2892, "C5|C8": 11.6592, "C5|C9": 15.8537, "C6|D1": 18.3908, "C6|D2": 22.6033, "C6|D3": 28.1893, "C6|D4": 17.664900000000003, "C6|D5": 9.822799999999999, "C6|D6": 5.3312, "C6|D7": 9.2484, "C6|D8": 8.6836, "C6|D9": 15.1377, "C6|D10": 20.8315, "C6|D11": 9.6445, "C6|D12": 15.773100000000001, "C6|C1": 11.021600000000001, "C6|C2": 13.701799999999999, "C6|C3": 16.0682, "C6|C4": 10.9456, "C6|C5": 14.6023, "C6|C6": 0.0, "C6|C7": 21.785, "C6|C8": 17.3908, "C6|C9": 10.207799999999999, "C7|D1": 15.4789, "C7|D2": 21.0906, "C7|D3": 18.5512, "C7|D4": 11.6489, "C7|D5": 20.015, "C7|D6": 17.0564, "C7|D7": 12.119200000000001, "C7|D8": 14.282200000000001, "C7|D9": 16.1152, "C7|D10": 19.318900000000003, "C7|D11": 14.8977, "C7|D12": 17.5295, "C7|C1": 24.8726, "C7|C2": 20.0437, "C7|C3": 17.0457, "C7|C4": 24.7965,